Table Name,Table Alias,Column Name,Column Alias,"Note: This is a weather generator parameter table, and might not be used in the current IMWEBs model. Can Zhiqiang have a check of the code? Remove this table from HydroClimate.db3 if it was not used."
stations,stations,ID,ID,
stations,stations,NAME,Name,
stations,stations,XPR,X-Coordinate,
stations,stations,YPR,Y-Coordinate,
stations,stations,LAT,Latitude,
stations,stations,LONG,Longitude,
stations,stations,ELEVATION,Elevation,
stations,stations,TYPE,Type,
stations,stations,UNITS,Unit,
stations,stations,AREA,Area,
stations,stations,STARTDATE,Starting data,
stations,stations,ENDDATE,Ending date,
stations,stations,INTERVAL,Interval,
stations,stations,TABLENAME,Table name,
JEN_WGN_01,Station 1,Month,Month,
JEN_WGN_01,Station 1,RAINHHMXSmooth,0.5 hour average rainfall,
JEN_WGN_01,Station 1,AMP_R,Amplifier ,
JEN_WGN_01,Station 1,RAINHHMX,0.5 hour Max rainfall,
JEN_WGN_01,Station 1,TMPSTDMX,STD of Max temperature,
JEN_WGN_01,Station 1,PCPDAYMM,Mean daily rainfall,
JEN_WGN_01,Station 1,PCPMONMM,Mean monthly rainfall,
JEN_WGN_01,Station 1,PR_W1,Probability of wet day after dry day,
JEN_WGN_01,Station 1,PR_W3,Probability of wet day,
JEN_WGN_01,Station 1,PCPSKW,PCP skewnes,
JEN_WGN_01,Station 1,WNDAV,Average wind speed,
JEN_WGN_01,Station 1,WNDDIR,Wind direction,
JEN_WGN_01,Station 1,PR_W2,Probability of wet day after wet day,
JEN_WGN_01,Station 1,TMPMN,Minimum temperature,
JEN_WGN_01,Station 1,PCF,Path coefficient factor,
JEN_WGN_01,Station 1,TMPMX,Maximum temperature,
JEN_WGN_01,Station 1,WNDDIRSTD,STD of wind speed,
JEN_WGN_01,Station 1,PCPDAYS,Precipitation days,
JEN_WGN_01,Station 1,SOLARAV,Average solar radiation,
JEN_WGN_01,Station 1,DEWPT,Dew point temperature,
JEN_WGN_01,Station 1,TMPSTDMN,STD of Min temperature,
JEN_WGN_01,Station 1,PCPSTD,STD of precipitation,
JEN_WGN_02,Station 2,Month,Month,
JEN_WGN_02,Station 2,RAINHHMXSmooth,0.5 hour average rainfall,
JEN_WGN_02,Station 2,AMP_R,Amplifier ,
JEN_WGN_02,Station 2,RAINHHMX,0.5 hour Max rainfall,
JEN_WGN_02,Station 2,TMPSTDMX,STD of Max temperature,
JEN_WGN_02,Station 2,PCPDAYMM,Mean daily rainfall,
JEN_WGN_02,Station 2,PCPMONMM,Mean monthly rainfall,
JEN_WGN_02,Station 2,PR_W1,Probability of wet day after dry day,
JEN_WGN_02,Station 2,PR_W3,Probability of wet day,
JEN_WGN_02,Station 2,PCPSKW,PCP skewnes,
JEN_WGN_02,Station 2,WNDAV,Average wind speed,
JEN_WGN_02,Station 2,WNDDIR,Wind direction,
JEN_WGN_02,Station 2,PR_W2,Probability of wet day after wet day,
JEN_WGN_02,Station 2,TMPMN,Minimum temperature,
JEN_WGN_02,Station 2,PCF,Path coefficient factor,
JEN_WGN_02,Station 2,TMPMX,Maximum temperature,
JEN_WGN_02,Station 2,WNDDIRSTD,STD of wind speed,
JEN_WGN_02,Station 2,PCPDAYS,Precipitation days,
JEN_WGN_02,Station 2,SOLARAV,Average solar radiation,
JEN_WGN_02,Station 2,DEWPT,Dew point temperature,
JEN_WGN_02,Station 2,TMPSTDMN,STD of Min temperature,
JEN_WGN_02,Station 2,PCPSTD,STD of precipitation,
JEN_WGN_03,Station 3,Month,Month,
JEN_WGN_03,Station 3,RAINHHMXSmooth,0.5 hour average rainfall,
JEN_WGN_03,Station 3,AMP_R,Amplifier ,
JEN_WGN_03,Station 3,RAINHHMX,0.5 hour Max rainfall,
JEN_WGN_03,Station 3,TMPSTDMX,STD of Max temperature,
JEN_WGN_03,Station 3,PCPDAYMM,Mean daily rainfall,
JEN_WGN_03,Station 3,PCPMONMM,Mean monthly rainfall,
JEN_WGN_03,Station 3,PR_W1,Probability of wet day after dry day,
JEN_WGN_03,Station 3,PR_W3,Probability of wet day,
JEN_WGN_03,Station 3,PCPSKW,PCP skewnes,
JEN_WGN_03,Station 3,WNDAV,Average wind speed,
JEN_WGN_03,Station 3,WNDDIR,Wind direction,
JEN_WGN_03,Station 3,PR_W2,Probability of wet day after wet day,
JEN_WGN_03,Station 3,TMPMN,Minimum temperature,
JEN_WGN_03,Station 3,PCF,Path coefficient factor,
JEN_WGN_03,Station 3,TMPMX,Maximum temperature,
JEN_WGN_03,Station 3,WNDDIRSTD,STD of wind speed,
JEN_WGN_03,Station 3,PCPDAYS,Precipitation days,
JEN_WGN_03,Station 3,SOLARAV,Average solar radiation,
JEN_WGN_03,Station 3,DEWPT,Dew point temperature,
JEN_WGN_03,Station 3,TMPSTDMN,STD of Min temperature,
JEN_WGN_03,Station 3,PCPSTD,STD of precipitation,
JEN_WGN_04,Station 4,Month,Month,
JEN_WGN_04,Station 4,RAINHHMXSmooth,0.5 hour average rainfall,
JEN_WGN_04,Station 4,AMP_R,Amplifier ,
JEN_WGN_04,Station 4,RAINHHMX,0.5 hour Max rainfall,
JEN_WGN_04,Station 4,TMPSTDMX,STD of Max temperature,
JEN_WGN_04,Station 4,PCPDAYMM,Mean daily rainfall,
JEN_WGN_04,Station 4,PCPMONMM,Mean monthly rainfall,
JEN_WGN_04,Station 4,PR_W1,Probability of wet day after dry day,
JEN_WGN_04,Station 4,PR_W3,Probability of wet day,
JEN_WGN_04,Station 4,PCPSKW,PCP skewnes,
JEN_WGN_04,Station 4,WNDAV,Average wind speed,
JEN_WGN_04,Station 4,WNDDIR,Wind direction,
JEN_WGN_04,Station 4,PR_W2,Probability of wet day after wet day,
JEN_WGN_04,Station 4,TMPMN,Minimum temperature,
JEN_WGN_04,Station 4,PCF,Path coefficient factor,
JEN_WGN_04,Station 4,TMPMX,Maximum temperature,
JEN_WGN_04,Station 4,WNDDIRSTD,STD of wind speed,
JEN_WGN_04,Station 4,PCPDAYS,Precipitation days,
JEN_WGN_04,Station 4,SOLARAV,Average solar radiation,
JEN_WGN_04,Station 4,DEWPT,Dew point temperature,
JEN_WGN_04,Station 4,TMPSTDMN,STD of Min temperature,
JEN_WGN_04,Station 4,PCPSTD,STD of precipitation,
JEN_WGN_05,Station 5,Month,Month,
JEN_WGN_05,Station 5,RAINHHMXSmooth,0.5 hour average rainfall,
JEN_WGN_05,Station 5,AMP_R,Amplifier ,
JEN_WGN_05,Station 5,RAINHHMX,0.5 hour Max rainfall,
JEN_WGN_05,Station 5,TMPSTDMX,STD of Max temperature,
JEN_WGN_05,Station 5,PCPDAYMM,Mean daily rainfall,
JEN_WGN_05,Station 5,PCPMONMM,Mean monthly rainfall,
JEN_WGN_05,Station 5,PR_W1,Probability of wet day after dry day,
JEN_WGN_05,Station 5,PR_W3,Probability of wet day,
JEN_WGN_05,Station 5,PCPSKW,PCP skewnes,
JEN_WGN_05,Station 5,WNDAV,Average wind speed,
JEN_WGN_05,Station 5,WNDDIR,Wind direction,
JEN_WGN_05,Station 5,PR_W2,Probability of wet day after wet day,
JEN_WGN_05,Station 5,TMPMN,Minimum temperature,
JEN_WGN_05,Station 5,PCF,Path coefficient factor,
JEN_WGN_05,Station 5,TMPMX,Maximum temperature,
JEN_WGN_05,Station 5,WNDDIRSTD,STD of wind speed,
JEN_WGN_05,Station 5,PCPDAYS,Precipitation days,
JEN_WGN_05,Station 5,SOLARAV,Average solar radiation,
JEN_WGN_05,Station 5,DEWPT,Dew point temperature,
JEN_WGN_05,Station 5,TMPSTDMN,STD of Min temperature,
JEN_WGN_05,Station 5,PCPSTD,STD of precipitation,
JEN_WGN_06,Station 6,Month,Month,
JEN_WGN_06,Station 6,RAINHHMXSmooth,0.5 hour average rainfall,
JEN_WGN_06,Station 6,AMP_R,Amplifier ,
JEN_WGN_06,Station 6,RAINHHMX,0.5 hour Max rainfall,
JEN_WGN_06,Station 6,TMPSTDMX,STD of Max temperature,
JEN_WGN_06,Station 6,PCPDAYMM,Mean daily rainfall,
JEN_WGN_06,Station 6,PCPMONMM,Mean monthly rainfall,
JEN_WGN_06,Station 6,PR_W1,Probability of wet day after dry day,
JEN_WGN_06,Station 6,PR_W3,Probability of wet day,
JEN_WGN_06,Station 6,PCPSKW,PCP skewnes,
JEN_WGN_06,Station 6,WNDAV,Average wind speed,
JEN_WGN_06,Station 6,WNDDIR,Wind direction,
JEN_WGN_06,Station 6,PR_W2,Probability of wet day after wet day,
JEN_WGN_06,Station 6,TMPMN,Minimum temperature,
JEN_WGN_06,Station 6,PCF,Path coefficient factor,
JEN_WGN_06,Station 6,TMPMX,Maximum temperature,
JEN_WGN_06,Station 6,WNDDIRSTD,STD of wind speed,
JEN_WGN_06,Station 6,PCPDAYS,Precipitation days,
JEN_WGN_06,Station 6,SOLARAV,Average solar radiation,
JEN_WGN_06,Station 6,DEWPT,Dew point temperature,
JEN_WGN_06,Station 6,TMPSTDMN,STD of Min temperature,
JEN_WGN_06,Station 6,PCPSTD,STD of precipitation,
JEN_WGN_07,Station 7,Month,Month,
JEN_WGN_07,Station 7,RAINHHMXSmooth,0.5 hour average rainfall,
JEN_WGN_07,Station 7,AMP_R,Amplifier ,
JEN_WGN_07,Station 7,RAINHHMX,0.5 hour Max rainfall,
JEN_WGN_07,Station 7,TMPSTDMX,STD of Max temperature,
JEN_WGN_07,Station 7,PCPDAYMM,Mean daily rainfall,
JEN_WGN_07,Station 7,PCPMONMM,Mean monthly rainfall,
JEN_WGN_07,Station 7,PR_W1,Probability of wet day after dry day,
JEN_WGN_07,Station 7,PR_W3,Probability of wet day,
JEN_WGN_07,Station 7,PCPSKW,PCP skewnes,
JEN_WGN_07,Station 7,WNDAV,Average wind speed,
JEN_WGN_07,Station 7,WNDDIR,Wind direction,
JEN_WGN_07,Station 7,PR_W2,Probability of wet day after wet day,
JEN_WGN_07,Station 7,TMPMN,Minimum temperature,
JEN_WGN_07,Station 7,PCF,Path coefficient factor,
JEN_WGN_07,Station 7,TMPMX,Maximum temperature,
JEN_WGN_07,Station 7,WNDDIRSTD,STD of wind speed,
JEN_WGN_07,Station 7,PCPDAYS,Precipitation days,
JEN_WGN_07,Station 7,SOLARAV,Average solar radiation,
JEN_WGN_07,Station 7,DEWPT,Dew point temperature,
JEN_WGN_07,Station 7,TMPSTDMN,STD of Min temperature,
JEN_WGN_07,Station 7,PCPSTD,STD of precipitation,
JEN_WGN_08,Station 8,Month,Month,
JEN_WGN_08,Station 8,RAINHHMXSmooth,0.5 hour average rainfall,
JEN_WGN_08,Station 8,AMP_R,Amplifier ,
JEN_WGN_08,Station 8,RAINHHMX,0.5 hour Max rainfall,
JEN_WGN_08,Station 8,TMPSTDMX,STD of Max temperature,
JEN_WGN_08,Station 8,PCPDAYMM,Mean daily rainfall,
JEN_WGN_08,Station 8,PCPMONMM,Mean monthly rainfall,
JEN_WGN_08,Station 8,PR_W1,Probability of wet day after dry day,
JEN_WGN_08,Station 8,PR_W3,Probability of wet day,
JEN_WGN_08,Station 8,PCPSKW,PCP skewnes,
JEN_WGN_08,Station 8,WNDAV,Average wind speed,
JEN_WGN_08,Station 8,WNDDIR,Wind direction,
JEN_WGN_08,Station 8,PR_W2,Probability of wet day after wet day,
JEN_WGN_08,Station 8,TMPMN,Minimum temperature,
JEN_WGN_08,Station 8,PCF,Path coefficient factor,
JEN_WGN_08,Station 8,TMPMX,Maximum temperature,
JEN_WGN_08,Station 8,WNDDIRSTD,STD of wind speed,
JEN_WGN_08,Station 8,PCPDAYS,Precipitation days,
JEN_WGN_08,Station 8,SOLARAV,Average solar radiation,
JEN_WGN_08,Station 8,DEWPT,Dew point temperature,
JEN_WGN_08,Station 8,TMPSTDMN,STD of Min temperature,
JEN_WGN_08,Station 8,PCPSTD,STD of precipitation,
JEN_WGN_09,Station 9,Month,Month,
JEN_WGN_09,Station 9,RAINHHMXSmooth,0.5 hour average rainfall,
JEN_WGN_09,Station 9,AMP_R,Amplifier ,
JEN_WGN_09,Station 9,RAINHHMX,0.5 hour Max rainfall,
JEN_WGN_09,Station 9,TMPSTDMX,STD of Max temperature,
JEN_WGN_09,Station 9,PCPDAYMM,Mean daily rainfall,
JEN_WGN_09,Station 9,PCPMONMM,Mean monthly rainfall,
JEN_WGN_09,Station 9,PR_W1,Probability of wet day after dry day,
JEN_WGN_09,Station 9,PR_W3,Probability of wet day,
JEN_WGN_09,Station 9,PCPSKW,PCP skewnes,
JEN_WGN_09,Station 9,WNDAV,Average wind speed,
JEN_WGN_09,Station 9,WNDDIR,Wind direction,
JEN_WGN_09,Station 9,PR_W2,Probability of wet day after wet day,
JEN_WGN_09,Station 9,TMPMN,Minimum temperature,
JEN_WGN_09,Station 9,PCF,Path coefficient factor,
JEN_WGN_09,Station 9,TMPMX,Maximum temperature,
JEN_WGN_09,Station 9,WNDDIRSTD,STD of wind speed,
JEN_WGN_09,Station 9,PCPDAYS,Precipitation days,
JEN_WGN_09,Station 9,SOLARAV,Average solar radiation,
JEN_WGN_09,Station 9,DEWPT,Dew point temperature,
JEN_WGN_09,Station 9,TMPSTDMN,STD of Min temperature,
JEN_WGN_09,Station 9,PCPSTD,STD of precipitation,
JEN_WGN_10,Station 10,Month,Month,
JEN_WGN_10,Station 10,RAINHHMXSmooth,0.5 hour average rainfall,
JEN_WGN_10,Station 10,AMP_R,Amplifier ,
JEN_WGN_10,Station 10,RAINHHMX,0.5 hour Max rainfall,
JEN_WGN_10,Station 10,TMPSTDMX,STD of Max temperature,
JEN_WGN_10,Station 10,PCPDAYMM,Mean daily rainfall,
JEN_WGN_10,Station 10,PCPMONMM,Mean monthly rainfall,
JEN_WGN_10,Station 10,PR_W1,Probability of wet day after dry day,
JEN_WGN_10,Station 10,PR_W3,Probability of wet day,
JEN_WGN_10,Station 10,PCPSKW,PCP skewnes,
JEN_WGN_10,Station 10,WNDAV,Average wind speed,
JEN_WGN_10,Station 10,WNDDIR,Wind direction,
JEN_WGN_10,Station 10,PR_W2,Probability of wet day after wet day,
JEN_WGN_10,Station 10,TMPMN,Minimum temperature,
JEN_WGN_10,Station 10,PCF,Path coefficient factor,
JEN_WGN_10,Station 10,TMPMX,Maximum temperature,
JEN_WGN_10,Station 10,WNDDIRSTD,STD of wind speed,
JEN_WGN_10,Station 10,PCPDAYS,Precipitation days,
JEN_WGN_10,Station 10,SOLARAV,Average solar radiation,
JEN_WGN_10,Station 10,DEWPT,Dew point temperature,
JEN_WGN_10,Station 10,TMPSTDMN,STD of Min temperature,
JEN_WGN_10,Station 10,PCPSTD,STD of precipitation,
JEN_WGN_11,Station 11,Month,Month,
JEN_WGN_11,Station 11,RAINHHMXSmooth,0.5 hour average rainfall,
JEN_WGN_11,Station 11,AMP_R,Amplifier ,
JEN_WGN_11,Station 11,RAINHHMX,0.5 hour Max rainfall,
JEN_WGN_11,Station 11,TMPSTDMX,STD of Max temperature,
JEN_WGN_11,Station 11,PCPDAYMM,Mean daily rainfall,
JEN_WGN_11,Station 11,PCPMONMM,Mean monthly rainfall,
JEN_WGN_11,Station 11,PR_W1,Probability of wet day after dry day,
JEN_WGN_11,Station 11,PR_W3,Probability of wet day,
JEN_WGN_11,Station 11,PCPSKW,PCP skewnes,
JEN_WGN_11,Station 11,WNDAV,Average wind speed,
JEN_WGN_11,Station 11,WNDDIR,Wind direction,
JEN_WGN_11,Station 11,PR_W2,Probability of wet day after wet day,
JEN_WGN_11,Station 11,TMPMN,Minimum temperature,
JEN_WGN_11,Station 11,PCF,Path coefficient factor,
JEN_WGN_11,Station 11,TMPMX,Maximum temperature,
JEN_WGN_11,Station 11,WNDDIRSTD,STD of wind speed,
JEN_WGN_11,Station 11,PCPDAYS,Precipitation days,
JEN_WGN_11,Station 11,SOLARAV,Average solar radiation,
JEN_WGN_11,Station 11,DEWPT,Dew point temperature,
JEN_WGN_11,Station 11,TMPSTDMN,STD of Min temperature,
JEN_WGN_11,Station 11,PCPSTD,STD of precipitation,
JEN_WGN_12,Station 12,Month,Month,
JEN_WGN_12,Station 12,RAINHHMXSmooth,0.5 hour average rainfall,
JEN_WGN_12,Station 12,AMP_R,Amplifier ,
JEN_WGN_12,Station 12,RAINHHMX,0.5 hour Max rainfall,
JEN_WGN_12,Station 12,TMPSTDMX,STD of Max temperature,
JEN_WGN_12,Station 12,PCPDAYMM,Mean daily rainfall,
JEN_WGN_12,Station 12,PCPMONMM,Mean monthly rainfall,
JEN_WGN_12,Station 12,PR_W1,Probability of wet day after dry day,
JEN_WGN_12,Station 12,PR_W3,Probability of wet day,
JEN_WGN_12,Station 12,PCPSKW,PCP skewnes,
JEN_WGN_12,Station 12,WNDAV,Average wind speed,
JEN_WGN_12,Station 12,WNDDIR,Wind direction,
JEN_WGN_12,Station 12,PR_W2,Probability of wet day after wet day,
JEN_WGN_12,Station 12,TMPMN,Minimum temperature,
JEN_WGN_12,Station 12,PCF,Path coefficient factor,
JEN_WGN_12,Station 12,TMPMX,Maximum temperature,
JEN_WGN_12,Station 12,WNDDIRSTD,STD of wind speed,
JEN_WGN_12,Station 12,PCPDAYS,Precipitation days,
JEN_WGN_12,Station 12,SOLARAV,Average solar radiation,
JEN_WGN_12,Station 12,DEWPT,Dew point temperature,
JEN_WGN_12,Station 12,TMPSTDMN,STD of Min temperature,
JEN_WGN_12,Station 12,PCPSTD,STD of precipitation,
JEN_WGN_13,Station 13,Month,Month,
JEN_WGN_13,Station 13,RAINHHMXSmooth,0.5 hour average rainfall,
JEN_WGN_13,Station 13,AMP_R,Amplifier ,
JEN_WGN_13,Station 13,RAINHHMX,0.5 hour Max rainfall,
JEN_WGN_13,Station 13,TMPSTDMX,STD of Max temperature,
JEN_WGN_13,Station 13,PCPDAYMM,Mean daily rainfall,
JEN_WGN_13,Station 13,PCPMONMM,Mean monthly rainfall,
JEN_WGN_13,Station 13,PR_W1,Probability of wet day after dry day,
JEN_WGN_13,Station 13,PR_W3,Probability of wet day,
JEN_WGN_13,Station 13,PCPSKW,PCP skewnes,
JEN_WGN_13,Station 13,WNDAV,Average wind speed,
JEN_WGN_13,Station 13,WNDDIR,Wind direction,
JEN_WGN_13,Station 13,PR_W2,Probability of wet day after wet day,
JEN_WGN_13,Station 13,TMPMN,Minimum temperature,
JEN_WGN_13,Station 13,PCF,Path coefficient factor,
JEN_WGN_13,Station 13,TMPMX,Maximum temperature,
JEN_WGN_13,Station 13,WNDDIRSTD,STD of wind speed,
JEN_WGN_13,Station 13,PCPDAYS,Precipitation days,
JEN_WGN_13,Station 13,SOLARAV,Average solar radiation,
JEN_WGN_13,Station 13,DEWPT,Dew point temperature,
JEN_WGN_13,Station 13,TMPSTDMN,STD of Min temperature,
JEN_WGN_13,Station 13,PCPSTD,STD of precipitation,
JEN_WGN_14,Station 14,Month,Month,
JEN_WGN_14,Station 14,RAINHHMXSmooth,0.5 hour average rainfall,
JEN_WGN_14,Station 14,AMP_R,Amplifier ,
JEN_WGN_14,Station 14,RAINHHMX,0.5 hour Max rainfall,
JEN_WGN_14,Station 14,TMPSTDMX,STD of Max temperature,
JEN_WGN_14,Station 14,PCPDAYMM,Mean daily rainfall,
JEN_WGN_14,Station 14,PCPMONMM,Mean monthly rainfall,
JEN_WGN_14,Station 14,PR_W1,Probability of wet day after dry day,
JEN_WGN_14,Station 14,PR_W3,Probability of wet day,
JEN_WGN_14,Station 14,PCPSKW,PCP skewnes,
JEN_WGN_14,Station 14,WNDAV,Average wind speed,
JEN_WGN_14,Station 14,WNDDIR,Wind direction,
JEN_WGN_14,Station 14,PR_W2,Probability of wet day after wet day,
JEN_WGN_14,Station 14,TMPMN,Minimum temperature,
JEN_WGN_14,Station 14,PCF,Path coefficient factor,
JEN_WGN_14,Station 14,TMPMX,Maximum temperature,
JEN_WGN_14,Station 14,WNDDIRSTD,STD of wind speed,
JEN_WGN_14,Station 14,PCPDAYS,Precipitation days,
JEN_WGN_14,Station 14,SOLARAV,Average solar radiation,
JEN_WGN_14,Station 14,DEWPT,Dew point temperature,
JEN_WGN_14,Station 14,TMPSTDMN,STD of Min temperature,
JEN_WGN_14,Station 14,PCPSTD,STD of precipitation,
JEN_PCP_02,PCP station 2,UID,UID,
JEN_PCP_02,PCP station 2,Date,Date,
JEN_PCP_02,PCP station 2,VALUE,Value,
JEN_TMX_01,TMX station 1,UID,UID,
JEN_TMX_01,TMX station 1,Date,Date,
JEN_TMX_01,TMX station 1,VALUE,Value,
JEN_TMN_01,TMN station 1,UID,UID,
JEN_TMN_01,TMN station 1,Date,Date,
JEN_TMN_01,TMN station 1,VALUE,Value,
JEN_SLR_01,SLR station 1,UID,UID,
JEN_SLR_01,SLR station 1,Date,Date,
JEN_SLR_01,SLR station 1,VALUE,Value,
JEN_WSPD_01,WSPD station 1,UID,UID,
JEN_WSPD_01,WSPD station 1,Date,Date,
JEN_WSPD_01,WSPD station 1,VALUE,Value,
JEN_WDIR_01,WDOR station 1,UID,UID,
JEN_WDIR_01,WDOR station 1,Date,Date,
JEN_WDIR_01,WDOR station 1,VALUE,Value,
JEN_PCP_01,PCP station 1,UID,UID,
JEN_PCP_01,PCP station 1,Date,Date,
JEN_PCP_01,PCP station 1,VALUE,Value,
JEN_TMX_02,TMX station 2,UID,UID,
JEN_TMX_02,TMX station 2,Date,Date,
JEN_TMX_02,TMX station 2,VALUE,Value,
JEN_TMN_02,TMN station 2,UID,UID,
JEN_TMN_02,TMN station 2,Date,Date,
JEN_TMN_02,TMN station 2,VALUE,Value,
JEN_SLR_02,SLR station 2,UID,UID,
JEN_SLR_02,SLR station 2,Date,Date,
JEN_SLR_02,SLR station 2,VALUE,Value,
JEN_WSPD_02,WSPD station 2,UID,UID,
JEN_WSPD_02,WSPD station 2,Date,Date,
JEN_WSPD_02,WSPD station 2,VALUE,Value,
JEN_WDIR_02,WDOR station 2,UID,UID,
JEN_WDIR_02,WDOR station 2,Date,Date,
JEN_WDIR_02,WDOR station 2,VALUE,Value,
JEN_PCP_03,PCP station 3,UID,UID,
JEN_PCP_03,PCP station 3,Date,Date,
JEN_PCP_03,PCP station 3,VALUE,Value,
JEN_TMX_03,TMX station 3,UID,UID,
JEN_TMX_03,TMX station 3,Date,Date,
JEN_TMX_03,TMX station 3,VALUE,Value,
JEN_TMN_03,TMN station 3,UID,UID,
JEN_TMN_03,TMN station 3,Date,Date,
JEN_TMN_03,TMN station 3,VALUE,Value,
JEN_SLR_03,SLR station 3,UID,UID,
JEN_SLR_03,SLR station 3,Date,Date,
JEN_SLR_03,SLR station 3,VALUE,Value,
JEN_WSPD_03,WSPD station 3,UID,UID,
JEN_WSPD_03,WSPD station 3,Date,Date,
JEN_WSPD_03,WSPD station 3,VALUE,Value,
JEN_WDIR_03,WDOR station 3,UID,UID,
JEN_WDIR_03,WDOR station 3,Date,Date,
JEN_WDIR_03,WDOR station 3,VALUE,Value,
JEN_PCP_04,PCP station 4,UID,UID,
JEN_PCP_04,PCP station 4,Date,Date,
JEN_PCP_04,PCP station 4,VALUE,Value,
JEN_TMX_04,TMX station 4,UID,UID,
JEN_TMX_04,TMX station 4,Date,Date,
JEN_TMX_04,TMX station 4,VALUE,Value,
JEN_TMN_04,TMN station 4,UID,UID,
JEN_TMN_04,TMN station 4,Date,Date,
JEN_TMN_04,TMN station 4,VALUE,Value,
JEN_SLR_04,SLR station 4,UID,UID,
JEN_SLR_04,SLR station 4,Date,Date,
JEN_SLR_04,SLR station 4,VALUE,Value,
JEN_WSPD_04,WSPD station 4,UID,UID,
JEN_WSPD_04,WSPD station 4,Date,Date,
JEN_WSPD_04,WSPD station 4,VALUE,Value,
JEN_WDIR_04,WDOR station 4,UID,UID,
JEN_WDIR_04,WDOR station 4,Date,Date,
JEN_WDIR_04,WDOR station 4,VALUE,Value,
JEN_PCP_05,PCP station 5,UID,UID,
JEN_PCP_05,PCP station 5,Date,Date,
JEN_PCP_05,PCP station 5,VALUE,Value,
JEN_TMX_05,TMX station 5,UID,UID,
JEN_TMX_05,TMX station 5,Date,Date,
JEN_TMX_05,TMX station 5,VALUE,Value,
JEN_TMN_05,TMN station 5,UID,UID,
JEN_TMN_05,TMN station 5,Date,Date,
JEN_TMN_05,TMN station 5,VALUE,Value,
JEN_SLR_05,SLR station 5,UID,UID,
JEN_SLR_05,SLR station 5,Date,Date,
JEN_SLR_05,SLR station 5,VALUE,Value,
JEN_WSPD_05,WSPD station 5,UID,UID,
JEN_WSPD_05,WSPD station 5,Date,Date,
JEN_WSPD_05,WSPD station 5,VALUE,Value,
JEN_WDIR_05,WDOR station 5,UID,UID,
JEN_WDIR_05,WDOR station 5,Date,Date,
JEN_WDIR_05,WDOR station 5,VALUE,Value,
JEN_PCP_06,PCP station 6,UID,UID,
JEN_PCP_06,PCP station 6,Date,Date,
JEN_PCP_06,PCP station 6,VALUE,Value,
JEN_TMX_06,TMX station 6,UID,UID,
JEN_TMX_06,TMX station 6,Date,Date,
JEN_TMX_06,TMX station 6,VALUE,Value,
JEN_TMN_06,TMN station 6,UID,UID,
JEN_TMN_06,TMN station 6,Date,Date,
JEN_TMN_06,TMN station 6,VALUE,Value,
JEN_SLR_06,SLR station 6,UID,UID,
JEN_SLR_06,SLR station 6,Date,Date,
JEN_SLR_06,SLR station 6,VALUE,Value,
JEN_WSPD_06,WSPD station 6,UID,UID,
JEN_WSPD_06,WSPD station 6,Date,Date,
JEN_WSPD_06,WSPD station 6,VALUE,Value,
JEN_WDIR_06,WDOR station 6,UID,UID,
JEN_WDIR_06,WDOR station 6,Date,Date,
JEN_WDIR_06,WDOR station 6,VALUE,Value,
JEN_PCP_07,PCP station 7,UID,UID,
JEN_PCP_07,PCP station 7,Date,Date,
JEN_PCP_07,PCP station 7,VALUE,Value,
JEN_TMX_07,TMX station 7,UID,UID,
JEN_TMX_07,TMX station 7,Date,Date,
JEN_TMX_07,TMX station 7,VALUE,Value,
JEN_TMN_07,TMN station 7,UID,UID,
JEN_TMN_07,TMN station 7,Date,Date,
JEN_TMN_07,TMN station 7,VALUE,Value,
JEN_SLR_07,SLR station 7,UID,UID,
JEN_SLR_07,SLR station 7,Date,Date,
JEN_SLR_07,SLR station 7,VALUE,Value,
JEN_WSPD_07,WSPD station 7,UID,UID,
JEN_WSPD_07,WSPD station 7,Date,Date,
JEN_WSPD_07,WSPD station 7,VALUE,Value,
JEN_WDIR_07,WDOR station 7,UID,UID,
JEN_WDIR_07,WDOR station 7,Date,Date,
JEN_WDIR_07,WDOR station 7,VALUE,Value,
JEN_PCP_08,PCP station 8,UID,UID,
JEN_PCP_08,PCP station 8,Date,Date,
JEN_PCP_08,PCP station 8,VALUE,Value,
JEN_TMX_08,TMX station 8,UID,UID,
JEN_TMX_08,TMX station 8,Date,Date,
JEN_TMX_08,TMX station 8,VALUE,Value,
JEN_TMN_08,TMN station 8,UID,UID,
JEN_TMN_08,TMN station 8,Date,Date,
JEN_TMN_08,TMN station 8,VALUE,Value,
JEN_SLR_08,SLR station 8,UID,UID,
JEN_SLR_08,SLR station 8,Date,Date,
JEN_SLR_08,SLR station 8,VALUE,Value,
JEN_WSPD_08,WSPD station 8,UID,UID,
JEN_WSPD_08,WSPD station 8,Date,Date,
JEN_WSPD_08,WSPD station 8,VALUE,Value,
JEN_WDIR_08,WDOR station 8,UID,UID,
JEN_WDIR_08,WDOR station 8,Date,Date,
JEN_WDIR_08,WDOR station 8,VALUE,Value,
JEN_PCP_09,PCP station 9,UID,UID,
JEN_PCP_09,PCP station 9,Date,Date,
JEN_PCP_09,PCP station 9,VALUE,Value,
JEN_TMX_09,TMX station 9,UID,UID,
JEN_TMX_09,TMX station 9,Date,Date,
JEN_TMX_09,TMX station 9,VALUE,Value,
JEN_TMN_09,TMN station 9,UID,UID,
JEN_TMN_09,TMN station 9,Date,Date,
JEN_TMN_09,TMN station 9,VALUE,Value,
JEN_SLR_09,SLR station 9,UID,UID,
JEN_SLR_09,SLR station 9,Date,Date,
JEN_SLR_09,SLR station 9,VALUE,Value,
JEN_WSPD_09,WSPD station 9,UID,UID,
JEN_WSPD_09,WSPD station 9,Date,Date,
JEN_WSPD_09,WSPD station 9,VALUE,Value,
JEN_WDIR_09,WDOR station 9,UID,UID,
JEN_WDIR_09,WDOR station 9,Date,Date,
JEN_WDIR_09,WDOR station 9,VALUE,Value,
JEN_PCP_10,PCP station 10,UID,UID,
JEN_PCP_10,PCP station 10,Date,Date,
JEN_PCP_10,PCP station 10,VALUE,Value,
JEN_TMX_10,TMX station 10,UID,UID,
JEN_TMX_10,TMX station 10,Date,Date,
JEN_TMX_10,TMX station 10,VALUE,Value,
JEN_TMN_10,TMN station 10,UID,UID,
JEN_TMN_10,TMN station 10,Date,Date,
JEN_TMN_10,TMN station 10,VALUE,Value,
JEN_SLR_10,SLR station 10,UID,UID,
JEN_SLR_10,SLR station 10,Date,Date,
JEN_SLR_10,SLR station 10,VALUE,Value,
JEN_WSPD_10,WSPD station 10,UID,UID,
JEN_WSPD_10,WSPD station 10,Date,Date,
JEN_WSPD_10,WSPD station 10,VALUE,Value,
JEN_WDIR_10,WDOR station 10,UID,UID,
JEN_WDIR_10,WDOR station 10,Date,Date,
JEN_WDIR_10,WDOR station 10,VALUE,Value,
JEN_PCP_11,PCP station 11,UID,UID,
JEN_PCP_11,PCP station 11,Date,Date,
JEN_PCP_11,PCP station 11,VALUE,Value,
JEN_TMX_11,TMX station 11,UID,UID,
JEN_TMX_11,TMX station 11,Date,Date,
JEN_TMX_11,TMX station 11,VALUE,Value,
JEN_TMN_11,TMN station 11,UID,UID,
JEN_TMN_11,TMN station 11,Date,Date,
JEN_TMN_11,TMN station 11,VALUE,Value,
JEN_SLR_11,SLR station 11,UID,UID,
JEN_SLR_11,SLR station 11,Date,Date,
JEN_SLR_11,SLR station 11,VALUE,Value,
JEN_WSPD_11,WSPD station 11,UID,UID,
JEN_WSPD_11,WSPD station 11,Date,Date,
JEN_WSPD_11,WSPD station 11,VALUE,Value,
JEN_WDIR_11,WDOR station 11,UID,UID,
JEN_WDIR_11,WDOR station 11,Date,Date,
JEN_WDIR_11,WDOR station 11,VALUE,Value,
JEN_PCP_12,PCP station 12,UID,UID,
JEN_PCP_12,PCP station 12,Date,Date,
JEN_PCP_12,PCP station 12,VALUE,Value,
JEN_TMX_12,TMX station 12,UID,UID,
JEN_TMX_12,TMX station 12,Date,Date,
JEN_TMX_12,TMX station 12,VALUE,Value,
JEN_TMN_12,TMN station 12,UID,UID,
JEN_TMN_12,TMN station 12,Date,Date,
JEN_TMN_12,TMN station 12,VALUE,Value,
JEN_SLR_12,SLR station 12,UID,UID,
JEN_SLR_12,SLR station 12,Date,Date,
JEN_SLR_12,SLR station 12,VALUE,Value,
JEN_WSPD_12,WSPD station 12,UID,UID,
JEN_WSPD_12,WSPD station 12,Date,Date,
JEN_WSPD_12,WSPD station 12,VALUE,Value,
JEN_WDIR_12,WDOR station 12,UID,UID,
JEN_WDIR_12,WDOR station 12,Date,Date,
JEN_WDIR_12,WDOR station 12,VALUE,Value,
JEN_PCP_13,PCP station 13,UID,UID,
JEN_PCP_13,PCP station 13,Date,Date,
JEN_PCP_13,PCP station 13,VALUE,Value,
JEN_TMX_13,TMX station 13,UID,UID,
JEN_TMX_13,TMX station 13,Date,Date,
JEN_TMX_13,TMX station 13,VALUE,Value,
JEN_TMN_13,TMN station 13,UID,UID,
JEN_TMN_13,TMN station 13,Date,Date,
JEN_TMN_13,TMN station 13,VALUE,Value,
JEN_SLR_13,SLR station 13,UID,UID,
JEN_SLR_13,SLR station 13,Date,Date,
JEN_SLR_13,SLR station 13,VALUE,Value,
JEN_WSPD_13,WSPD station 13,UID,UID,
JEN_WSPD_13,WSPD station 13,Date,Date,
JEN_WSPD_13,WSPD station 13,VALUE,Value,
JEN_WDIR_13,WDOR station 13,UID,UID,
JEN_WDIR_13,WDOR station 13,Date,Date,
JEN_WDIR_13,WDOR station 13,VALUE,Value,
JEN_PCP_14,PCP station 14,UID,UID,
JEN_PCP_14,PCP station 14,Date,Date,
JEN_PCP_14,PCP station 14,VALUE,Value,
JEN_TMX_14,TMX station 14,UID,UID,
JEN_TMX_14,TMX station 14,Date,Date,
JEN_TMX_14,TMX station 14,VALUE,Value,
JEN_TMN_14,TMN station 14,UID,UID,
JEN_TMN_14,TMN station 14,Date,Date,
JEN_TMN_14,TMN station 14,VALUE,Value,
JEN_SLR_14,SLR station 14,UID,UID,
JEN_SLR_14,SLR station 14,Date,Date,
JEN_SLR_14,SLR station 14,VALUE,Value,
JEN_WSPD_14,WSPD station 14,UID,UID,
JEN_WSPD_14,WSPD station 14,Date,Date,
JEN_WSPD_14,WSPD station 14,VALUE,Value,
JEN_WDIR_14,WDOR station 14,UID,UID,
JEN_WDIR_14,WDOR station 14,Date,Date,
JEN_WDIR_14,WDOR station 14,VALUE,Value,
wgt,Weather Generator,Month,Month,
wgt,Weather Generator,RAINHHMX,0.5 hour Max rainfall,
wgt,Weather Generator,PCPMM,Mean monthly rainfall,
wgt,Weather Generator,PCPD,Number of rainfall days,
JEN_HMD_01,HMD Station 1,UID,UID,
JEN_HMD_01,HMD Station 1,Date,Date,
JEN_HMD_01,HMD Station 1,VALUE,Value,
JEN_HMD_02,HMD Station 2,UID,UID,
JEN_HMD_02,HMD Station 2,Date,Date,
JEN_HMD_02,HMD Station 2,VALUE,Value,
JEN_HMD_03,HMD Station 3,UID,UID,
JEN_HMD_03,HMD Station 3,Date,Date,
JEN_HMD_03,HMD Station 3,VALUE,Value,
JEN_HMD_04,HMD Station 4,UID,UID,
JEN_HMD_04,HMD Station 4,Date,Date,
JEN_HMD_04,HMD Station 4,VALUE,Value,
JEN_HMD_05,HMD Station 5,UID,UID,
JEN_HMD_05,HMD Station 5,Date,Date,
JEN_HMD_05,HMD Station 5,VALUE,Value,
JEN_HMD_06,HMD Station 6,UID,UID,
JEN_HMD_06,HMD Station 6,Date,Date,
JEN_HMD_06,HMD Station 6,VALUE,Value,
JEN_HMD_07,HMD Station 7,UID,UID,
JEN_HMD_07,HMD Station 7,Date,Date,
JEN_HMD_07,HMD Station 7,VALUE,Value,
JEN_HMD_08,HMD Station 8,UID,UID,
JEN_HMD_08,HMD Station 8,Date,Date,
JEN_HMD_08,HMD Station 8,VALUE,Value,
JEN_HMD_09,HMD Station 9,UID,UID,
JEN_HMD_09,HMD Station 9,Date,Date,
JEN_HMD_09,HMD Station 9,VALUE,Value,
JEN_HMD_10,HMD Station 10,UID,UID,
JEN_HMD_10,HMD Station 10,Date,Date,
JEN_HMD_10,HMD Station 10,VALUE,Value,
JEN_HMD_11,HMD Station 11,UID,UID,
JEN_HMD_11,HMD Station 11,Date,Date,
JEN_HMD_11,HMD Station 11,VALUE,Value,
JEN_HMD_12,HMD Station 12,UID,UID,
JEN_HMD_12,HMD Station 12,Date,Date,
JEN_HMD_12,HMD Station 12,VALUE,Value,
JEN_HMD_13,HMD Station 13,UID,UID,
JEN_HMD_13,HMD Station 13,Date,Date,
JEN_HMD_13,HMD Station 13,VALUE,Value,
JEN_HMD_14,HMD Station 14,UID,UID,
JEN_HMD_14,HMD Station 14,Date,Date,
JEN_HMD_14,HMD Station 14,VALUE,Value,
_verify_station_yearly_anomaly,yearly anomaly,Type,Station type,
_verify_station_yearly_anomaly,yearly anomaly,StationId,Station ID,
_verify_station_yearly_anomaly,yearly anomaly,Year,Year,
_verify_station_yearly_anomaly,yearly anomaly,Cnt,Constant,
_verify_station_yearly_anomaly,yearly anomaly,Min,Minimum ,
_verify_station_yearly_anomaly,yearly anomaly,Avg,Average,
_verify_station_yearly_anomaly,yearly anomaly,Max,Maximum,
_verify_station_yearly_anomaly,yearly anomaly,Sum,Sum,
_verify_station_yearly_anomaly,yearly anomaly,Cnt_to_yearly_avg,Constant to yearly average,
_verify_station_yearly_anomaly,yearly anomaly,Avg_to_yearly_avg,Average to yearly average,
_verify_station_yearly_anomaly,yearly anomaly,Sum_to_yearly_avg,Sum to yearly average,
_verify_station_yearly_anomaly,yearly anomaly,Flag,flag,
